{"loss": 1.2901789247989655, "label-P": [0.5555555820465088, 0.6428571343421936, 0.6363636255264282, 0.4166666567325592, 0.27272728085517883, 0.6842105388641357, 0.4000000059604645, 0.1764705926179886, 0.3636363744735718, 0.1666666716337204, 0.0, 0.20000000298023224, 0.0, 0.5, 0.1111111119389534, 0.2666666805744171, 1.0, 0.3571428656578064, 0.6000000238418579, 0.3333333432674408], "label-R": [0.5357142686843872, 0.75, 0.5833333134651184, 0.625, 0.75, 0.7222222089767456, 0.5, 0.4285714328289032, 0.4444444477558136, 0.3333333432674408, 0.0, 0.20000000298023224, 0.0, 0.125, 0.25, 0.800000011920929, 0.3333333432674408, 0.625, 1.0, 0.20000000298023224], "label-F1": [0.5454545617103577, 0.692307710647583, 0.6086955666542053, 0.5, 0.40000003576278687, 0.7027027010917664, 0.444444477558136, 0.25, 0.4000000059604645, 0.222222238779068, 0.0, 0.20000001788139343, 0.0, 0.20000000298023224, 0.1538461595773697, 0.4000000059604645, 0.5, 0.4545454680919647, 0.75, 0.25], "macro-P": 0.38417041301727295, "macro-R": 0.4602976441383362, "macro-F1": 0.38371095061302185}